Catchment,prcptot,RR1,rx1day,rx5day,cwd,rr20mm,r90p,r95p,r99p,r90pday,r95pday,r99pday,nrr95p,nrr99p,dry_days,cdd,Year
GRDC_6321100,797.6309258532999,224.8,21.084770650000003,49.192893860000005,24.6,0.9,6.430196866999999,8.715372254999995,14.147757742999994,22.9,11.6,2.8,0.3119153352866292,0.17992909639541682,140.5,15.4,2015.5
GRDC_6321200,906.3888208680089,232.8,20.097659099999998,49.482126300000004,25.1,0.4,7.406980674000001,9.652495744999998,15.208723708999997,23.8,12.2,3.0,0.31253629100811275,0.18589787284960144,132.5,16.3,2015.5
GRDC_6334270,859.8708635405001,226.3,22.8842802,46.41727969,25.3,0.6,7.148867534999999,9.169398899999997,13.476050416499998,23.0,11.8,2.9,0.30665643022464223,0.19753359128712575,139.0,22.5,2015.5
GRDC_6334280,0.0,0.0,,,0.0,0.0,,,,0.0,0.0,0.0,,,0.0,0.0,2015.5
GRDC_6334800,945.0435801627,242.1,19.3889612,54.90313553,33.2,0.8,7.0658285,9.358759449999997,14.301590293000004,24.8,12.6,3.0,0.3277841850618225,0.20393882538830477,123.2,18.6,2015.5
GRDC_6335020,1186.80039805197,300.7,17.7774029,53.425292690000006,46.4,0.1,7.492133845000001,9.268959737499998,13.315702763499994,30.5,15.4,3.5,0.3742313832804967,0.25621268006236064,64.6,11.0,2015.5
GRDC_6335030,1085.304533593608,247.4,23.2164974,61.19668445,26.5,1.4,8.588021305000002,11.113756719999998,17.414225046500004,25.1,12.8,3.0,0.30660639308510645,0.18501126526728698,117.9,15.7,2015.5
GRDC_6335031,999.45116817578,242.5,22.3701531,57.977783419999994,33.0,1.1,7.6858181860000006,10.657783979999996,16.513605652000013,24.7,12.6,3.0,0.3177800158738534,0.1835283918003803,122.8,17.5,2015.5
GRDC_6335032,1029.3529649366299,264.4,21.88235575,62.15260275000001,32.2,1.3,7.367005732000003,9.570818654999997,16.23659889550004,26.8,13.7,3.1,0.3292863634638457,0.19654338376447872,100.9,9.9,2015.5
GRDC_6335035,1029.5750287347,253.9,22.7840658,57.58261602,31.3,1.0,8.008744889,10.291325964999997,15.543124375999989,26.0,13.3,3.1,0.31021378417883716,0.19924845453795115,111.4,14.0,2015.5
GRDC_6335040,706.3810961147999,182.6,17.733961700000002,41.600525743,18.0,0.3,7.212153402000003,9.413489055999998,15.0180099815,18.6,9.6,2.4,0.28650156152255296,0.16752870599967945,146.2,18.7,2015.5
GRDC_6335045,1099.21685199459,232.3,23.6388418,62.74854183,25.9,1.8,9.357335155000001,12.454501349999997,18.546415642,23.8,12.0,3.0,0.2962762834546531,0.17965997178166074,132.3,19.9,2015.5
GRDC_6335046,1107.02569787864,236.7,22.8296108,58.69704311,31.3,1.4,9.389385704000002,12.431006219999993,18.627897353999995,24.3,12.3,3.0,0.2888458399473065,0.17907135129886362,128.6,19.5,2015.5
GRDC_6335048,1144.433586927245,241.1,25.692603400000003,65.1138467,29.9,2.5,9.593148940000003,12.470047764999993,19.774891342999993,24.5,12.4,2.9,0.2956928876600011,0.17063524310920844,117.4,15.3,2015.5
GRDC_6335050,1171.9486064061998,285.8,19.2897038,54.98868301,40.3,0.2,7.9162621689999995,9.808533874999997,13.4857622055,28.8,14.8,3.4,0.35301356315217314,0.24905043280370548,79.5,15.0,2015.5
GRDC_6335055,1396.0721219634902,261.4,33.7403982,74.11754678,36.1,4.7,11.080257240000003,14.959433624999997,22.468042884000003,26.6,13.5,3.0,0.29341101929036767,0.18119958570231354,103.9,11.0,2015.5
GRDC_6335060,1159.9621816513,277.3,19.2226191,55.51003844,40.2,0.3,8.037294195000001,9.986471047499997,13.910725919999996,28.1,14.2,3.0,0.34921128692807757,0.23987512764869007,88.0,16.1,2015.5
GRDC_6335070,1151.7659732197,273.8,18.7210817,56.083797100000005,44.2,0.2,8.201962149,10.021198955,14.453429683,27.8,14.0,3.0,0.34169086344110516,0.2354639026388991,91.5,16.7,2015.5
GRDC_6335075,801.2425347708,214.9,21.018428800000002,47.50378677,21.6,1.0,6.568545038000001,8.896096249999996,15.205132261999998,22.0,11.2,2.8,0.3062935825298819,0.17324833569682724,150.4,17.3,2015.5
GRDC_6335076,999.1542467837,223.3,22.7177139,54.31378191,26.4,1.3,8.621234615000002,11.544414064999994,18.074165699999995,22.7,11.6,2.9,0.291497193620848,0.1694710227260491,142.0,20.3,2015.5
GRDC_6335080,847.61316080376,227.6,22.2205394,49.4942196,25.6,0.8,6.895988317000001,9.481487139999997,14.688379037500003,23.0,11.7,2.8,0.3034780715704094,0.17756086535784105,137.7,18.1,2015.5
GRDC_6335081,902.0948056515001,236.2,24.27776,50.39410955,29.4,1.1,7.188160407000001,9.469356889999997,15.404792431999994,24.0,12.1,2.8,0.31175798692873485,0.17839968990073463,122.4,16.2,2015.5
GRDC_6335082,883.48625857548,245.3,21.309261,48.619379550000005,32.0,0.7,6.550138323000001,8.769390960999997,14.687794426999986,25.1,12.8,2.9,0.32038289987091384,0.18712446729202148,120.0,14.3,2015.5
GRDC_6335083,847.7536481429601,228.0,22.8384234,49.35380841,26.1,0.7,6.97294497,8.960247969999998,14.399845680999992,23.2,11.8,2.9,0.2989067606255445,0.1802977979805676,137.3,17.8,2015.5
GRDC_6335100,1180.73616807195,279.1,19.8362874,55.37151952000001,32.9,0.4,8.569565862000001,10.301217699999997,14.623496816999998,28.4,14.5,3.1,0.3413858178831402,0.23446983179641595,86.2,13.0,2015.5
GRDC_6335113,849.9241443115,206.2,24.5853632,52.98941996999999,26.5,1.3,7.907240261,10.264504754999999,16.593137448000004,21.1,10.8,2.6,0.280380182151183,0.1648458577783397,159.1,19.8,2015.5
GRDC_6335115,500.78504191760004,122.4,23.362871666666667,54.447421183333326,14.7,0.6,7.687953325000002,10.076668629166667,16.381523923333322,12.5,6.4,1.6,0.2875441060225069,0.16429816242009757,96.1,12.0,2015.5
GRDC_6335116,883.104879421045,211.0,23.4353928,53.46011489,26.5,1.2,8.124823731000001,10.797608274999996,16.243621279999996,21.6,11.0,2.7,0.2788206326994176,0.16778695767943136,154.3,21.3,2015.5
GRDC_6335117,780.14576549655,196.8,23.671839600000002,47.05317928,20.9,1.2,7.208942936999999,9.969362339499998,15.685110894000008,20.0,10.3,2.4,0.2886409854098701,0.16165530611650755,168.5,18.9,2015.5
GRDC_6335125,1268.6364390336398,242.3,31.136004200000002,73.30276381,33.9,3.8,11.001952840000001,14.39436892499999,21.379085556000003,24.7,12.6,2.9,0.2817736042337359,0.18387212902310696,116.2,17.6,2015.5
GRDC_6335150,1193.261062136,275.6,19.1361534,55.741006649999996,39.3,0.3,8.721577861,10.815963834999996,14.946273867000002,28.0,14.3,3.1,0.3306402704393411,0.23134197518116068,89.7,12.3,2015.5
GRDC_6335155,771.8660989894,194.9,23.10790025,44.991998689999996,16.7,1.1,6.902719350000001,9.213037233999998,14.703319839500011,19.9,10.3,2.4,0.29720937869215747,0.18103064436956579,170.4,18.7,2015.5
GRDC_6335156,814.902134894572,216.0,18.6675409,46.03260588,21.7,0.8,6.8649850730000015,9.074900609999998,14.522228981999998,22.0,11.3,2.8,0.30282950855620167,0.18243728622984232,149.3,16.3,2015.5
GRDC_6335160,504.54285121747597,125.8,19.26966942857143,47.463297628571425,16.1,0.3,7.640491555714287,9.544048935714283,14.127651041428566,12.8,6.6,1.6,0.2986775719764361,0.18830090164219868,92.7,14.0,2015.5
GRDC_6335165,836.3021451163701,211.0,21.4646311,47.63387199,21.3,0.7,7.6988848160000005,9.785786699999997,15.319313822999998,21.4,10.9,2.6,0.28369986332111574,0.17218172736488563,154.3,16.4,2015.5
GRDC_6335167,929.8501949317999,211.6,25.232196000000002,52.11796210999999,23.0,0.8,8.618843388000004,10.798407089999998,15.556706975000006,21.6,11.1,2.7,0.2807182649708585,0.18061390360474952,153.7,18.7,2015.5
GRDC_6335170,1399.20342495888,279.5,24.356628100000002,62.32080024,33.9,2.1,10.48649962,13.383514294999998,18.681333127999984,28.4,14.6,3.1,0.3065145405620307,0.21521669753254097,85.8,9.7,2015.5
GRDC_6335175,853.7898144767399,223.4,24.34915015,47.82989836,28.0,0.6,7.2515038810000005,9.519463605999997,14.521824498,22.7,11.5,2.9,0.2976916836787641,0.17913507221193148,141.9,13.9,2015.5
GRDC_6335180,1328.728500189684,280.0,22.189436,59.859762599999996,41.6,1.5,9.873529030000004,12.307445919999997,17.30075626699999,28.4,14.5,3.1,0.3173248399021428,0.21931931371525812,85.3,11.2,2015.5
GRDC_6335190,808.5820019519,236.2,23.536430799999998,44.768447619999996,34.2,0.4,6.230487040000002,8.358416191499993,12.975541269,24.1,12.4,3.0,0.3224885509550215,0.19321620302965864,129.1,12.0,2015.5
GRDC_6335200,1421.24069749484,283.5,24.6011686,67.63108668,38.8,2.9,10.408021770000001,13.826172004999998,19.699997727999992,28.8,14.7,3.2,0.3114389658546522,0.20535121808112736,81.8,8.5,2015.5
GRDC_6335240,844.93232057774,227.1,19.243391,48.39882685,21.8,0.5,6.656795407,9.058664129999999,14.033645431499997,23.1,11.8,3.0,0.3193112187888029,0.18727100709754615,137.5,12.4,2015.5
GRDC_6335290,784.4063572295,183.2,21.73648226,52.221887422222224,23.4,0.6,8.732497542,10.947979137499996,15.41774117399999,18.6,9.6,2.6,0.36133301198005263,0.26373057534023026,109.1,15.4,2015.5
GRDC_6335291,939.8097769778,210.7,26.597271,56.62827681,22.0,1.3,9.497656930000002,11.963570804999998,17.463512989,21.6,11.0,2.8,0.28512030930954857,0.18235744615413726,118.1,15.1,2015.5
GRDC_6335300,914.0941682934001,219.0,28.322928100000002,52.320314970000005,22.4,1.4,8.219398915000001,10.911824534999996,16.760378808999995,22.4,11.5,2.7,0.27533537210209097,0.1652815982983838,146.3,17.4,2015.5
GRDC_6335301,875.433771231,229.9,20.0363912,49.289352359999995,22.5,1.0,7.150354947000001,9.694400016,15.007779365999998,23.4,11.9,2.9,0.3003627851826281,0.17684662744368748,134.7,12.2,2015.5
GRDC_6335302,854.3817209024901,227.6,19.1363968,46.816540530000005,21.2,0.6,6.975177055000001,8.947365729999998,13.49218683300001,23.2,12.0,3.0,0.30996213070509254,0.19583469268842663,137.0,13.3,2015.5
GRDC_6335303,879.62976994415,231.5,20.237432000000002,48.622200750000005,20.7,1.0,7.096111882,9.418215024999999,14.610614340000003,23.6,12.2,3.0,0.3040591435495578,0.18121663674126307,133.1,13.8,2015.5
GRDC_6335304,818.33669936095,213.5,18.6381504,45.06673436,22.4,0.7,6.770014198000001,8.728327649999997,12.660242905999999,21.8,11.3,2.9,0.3141907793771879,0.19754199145850387,151.1,20.2,2015.5
GRDC_6335310,842.57319841927,200.7,25.263824777777778,52.803716933333334,19.8,1.0,8.342701177777778,10.681284149999998,15.543802691111113,20.5,10.4,2.7,0.28718237841952476,0.18039252978438486,127.3,15.1,2015.5
GRDC_6335320,772.1603053542,184.7,25.936504555555555,50.4451215,16.6,0.7,7.771320500000003,10.787299397222213,16.39809825555555,18.9,9.7,2.3,0.28639746482953593,0.16439980543289048,143.3,16.2,2015.5
GRDC_6335350,844.9932327372701,214.4,20.399503799999998,50.57479453,23.5,0.5,7.152433223,9.669446612499996,15.013328346999998,22.1,11.2,2.8,0.3035835783556696,0.17545441425150243,150.9,21.4,2015.5
GRDC_6335351,759.0076294092,191.1,21.84267777777778,50.34506394444444,18.5,0.8,7.650554811111111,9.97168164722222,14.856985127777781,19.6,9.9,2.5,0.2849058902486946,0.1700750767804803,136.9,18.8,2015.5
GRDC_6335360,835.6645622168,205.7,20.03398911111111,52.81376782222222,24.0,0.5,7.690844826666667,10.33797668333333,14.500532022777769,20.9,10.7,2.7,0.29484813639301416,0.19380618685617715,122.3,12.8,2015.5
GRDC_6335400,1456.73393819905,276.0,30.496459111111108,80.35874338888888,41.3,4.8,11.657330088888889,15.305061444444435,21.471251652222218,27.9,14.2,3.3,0.30955393006277515,0.21207777399360617,52.0,5.7,2015.5
GRDC_6335410,1331.2169952456513,261.6,30.9160528,66.80535381,33.4,3.9,11.17093151,14.0872193225,20.915412989999997,26.5,13.6,3.0,0.2892374954818591,0.18726206845218024,103.7,11.4,2015.5
GRDC_6335450,1468.053917900264,251.8,36.7346196,84.91528696999998,39.4,8.4,13.15513246,17.078108034999996,26.688204688999956,25.6,13.2,2.9,0.2897058525011945,0.18149952997481428,77.0,9.3,2015.5
GRDC_6335451,0.0,0.0,,,0.0,0.0,,,,0.0,0.0,0.0,,,0.0,0.0,2015.5
GRDC_6335460,1226.08278923116,239.2,33.6517277,74.88671375,21.2,5.0,10.882018695000003,14.332382937499995,23.156131279,24.4,12.5,3.0,0.27773737182854136,0.1612041281976305,126.1,16.4,2015.5
GRDC_6335461,0.0,0.0,,,0.0,0.0,,,,0.0,0.0,0.0,,,0.0,0.0,2015.5
GRDC_6335465,1631.8953715786,280.3,41.0099986,89.94777357999999,45.1,10.7,13.02812182,18.125784554999996,27.491295599999994,28.4,14.4,3.0,0.28358543867656444,0.17028718668540718,85.0,10.0,2015.5
GRDC_6335470,1127.73425543906,234.8,28.4067019,65.849283515,21.7,3.4,10.325652040000001,13.830227659999997,21.707716838999993,23.9,12.2,2.9,0.27216945672041254,0.16303477045361767,115.6,15.7,2015.5
GRDC_6335485,857.4805537395199,217.7,25.3249798,51.35754756,21.1,1.2,7.5446936,10.231177577499997,16.260789412999998,22.2,11.3,2.9,0.2929624101927484,0.16344714042556335,147.6,16.5,2015.5
GRDC_6335500,528.4383645076,139.6,21.225443333333335,48.72271385,12.7,0.4,7.313050836666668,9.090113327499997,14.199663856666659,14.2,7.3,1.8,0.306414737214107,0.19270312796570863,78.9,7.0,2015.5
GRDC_6335510,685.951841843,201.1,21.90137222222222,41.27758018888889,17.3,0.6,6.058501142222223,8.437697756666665,14.356113086666653,20.6,10.6,2.7,0.3130641566473311,0.16779757212480623,126.9,14.4,2015.5
GRDC_6335520,658.58188253708,179.8,22.487936,45.90455396666667,21.7,1.0,6.8336671988888895,9.636578684444439,14.571496942222227,18.3,9.4,2.3,0.3025208579119868,0.1739304013191464,110.9,14.4,2015.5
GRDC_6335521,847.24313390165,217.4,24.4232924,50.22253723,21.3,1.2,7.583692359000001,10.567211454999995,17.11548453599999,22.2,11.4,2.8,0.28224874641917463,0.1515696659003667,147.9,17.7,2015.5
GRDC_6335530,779.317863562768,213.0,21.6033045,49.9925327,22.5,0.9,6.911860046000001,9.356699545499998,15.082517250000006,21.6,11.0,2.7,0.30395005810834463,0.1792484282178534,115.8,11.4,2015.5
GRDC_6335540,747.9543881086,186.2,22.1486789,54.046950349999996,27.4,1.0,7.923335886000001,11.009983787499998,16.4744816805,19.2,9.9,2.4,0.2831051687129643,0.17236785460323803,106.1,19.0,2015.5
GRDC_6335550,1046.60216938673,257.4,25.691830700000004,59.78206107999999,33.5,1.6,8.033030307,10.756490394999998,17.756312087000005,26.2,13.4,3.0,0.30623423150955364,0.1723731298065203,107.9,12.7,2015.5
GRDC_6335551,954.96590658764,233.2,28.228977444444443,63.690433411111115,32.8,2.3,8.120717149999999,11.098149374999997,19.409690457777774,23.7,12.1,2.7,0.29698700526613264,0.16459996192830453,94.8,14.1,2015.5
GRDC_6335560,725.0745999697,180.4,25.3996525,55.90127905,20.4,1.2,7.799180981250002,10.495571962499998,16.86256192374999,18.4,9.5,2.2,0.30471618033188175,0.17779161087122966,84.9,9.6,2015.5
GRDC_6335565,1073.59110198187,248.0,26.1023168,59.97332215,27.3,2.1,8.926113008,11.849715039999996,18.30868951850001,25.3,12.8,3.0,0.28461878542856944,0.17357457732483667,117.3,14.4,2015.5
GRDC_6335570,1252.33787852303,257.6,34.0387492,74.64706783,38.3,3.6,10.075211535000001,13.800838709999997,21.125822880999994,26.2,13.4,3.0,0.2883288111384269,0.17590564577363282,107.7,17.6,2015.5
GRDC_6335571,773.0768588994,196.2,26.46910125,51.839193099999996,22.8,1.6,7.690386840000001,10.734109553749997,17.775429721249992,19.9,10.2,2.4,0.3022085098707287,0.16138204669372525,89.8,11.2,2015.5
GRDC_6335580,1060.095413879,222.4,27.8725279,65.13367809,24.6,2.8,9.46796668,12.867906849999997,19.821802421999987,22.6,11.6,2.9,0.27790979144857136,0.16261866577456852,142.9,18.5,2015.5
GRDC_6335600,1010.303868191974,234.5,22.8262575,54.47212322,23.0,1.1,8.663872500000002,10.923760967499998,16.58624744699999,23.9,12.2,3.0,0.29651054137651023,0.1867887888480501,130.8,11.7,2015.5
GRDC_6335601,950.7430148882999,219.8,25.48806588888889,54.15526066666667,22.1,1.6,8.934884018888889,11.270380202777776,17.898906696666646,22.4,11.4,2.7,0.2906708020925403,0.17655137818685182,108.2,11.3,2015.5
GRDC_6335602,981.92091693297,221.8,25.57496988888889,57.83748731111112,22.1,1.5,9.124179955555556,11.745012411111107,18.032508673333325,22.7,11.6,2.7,0.29050610500431095,0.1772308520824944,106.2,11.5,2015.5
GRDC_6335603,1241.744567761335,255.6,31.184333700000003,63.72482757,24.8,2.9,10.23218717,13.534569244999997,20.004767086999998,26.0,13.2,3.0,0.2854986002545147,0.18287569610865204,109.7,12.4,2015.5
GRDC_6335604,1026.63921632253,226.7,26.452343444444445,59.176613511111114,23.9,1.8,9.660723361111113,12.668705177777774,18.50436448111112,23.0,11.7,2.7,0.28553018403678876,0.18326919716177797,101.3,10.7,2015.5
GRDC_6335606,1085.8418540131001,245.2,26.273325699999997,60.08800658,23.4,2.2,9.230252490000002,11.928725124999996,18.489538265000004,24.8,12.7,3.0,0.2917289659679424,0.18110151939867875,120.1,11.8,2015.5
GRDC_6335610,432.46044924445994,110.7,23.600529833333336,49.419033000000006,12.1,0.5,7.1514452250000025,10.020325249999992,15.937859586666661,11.5,6.0,1.6,0.2970450856847107,0.15694606736133562,76.1,9.8,2015.5
GRDC_6335620,948.3328291103401,218.5,26.604839300000002,56.98172526,23.4,1.5,8.954534132000001,11.948931674999997,18.750988988999993,22.2,11.3,2.8,0.2682531018845037,0.15911194350181818,146.8,19.5,2015.5
GRDC_6335621,1253.70279923741,234.0,34.259656,75.1150617888889,33.5,5.3,11.0909227,15.357876347222222,23.552550463333333,23.8,12.0,2.7,0.2911273984326929,0.1727817462765109,94.0,13.1,2015.5
GRDC_6335635,634.7927887156,152.7,22.80343611111111,45.60278797777778,17.4,0.9,8.400023537777779,11.040815536111108,15.464113717222217,15.6,8.1,2.1,0.29037497446624294,0.1916266913991449,105.0,15.1,2015.5
GRDC_6335640,934.43378365361,213.4,24.764344700000002,53.74662551,24.8,1.2,8.731186715000002,11.329051757499993,17.386303486000006,21.9,11.2,2.7,0.2746745981916745,0.17048098324170285,151.9,17.0,2015.5
GRDC_6335650,914.65269036813,201.6,28.982869888888885,51.876870311111105,19.6,2.2,8.941678138888888,12.741155311111102,19.57100249666667,20.6,10.5,2.7,0.28198919135126344,0.15907401737745736,126.4,13.9,2015.5
GRDC_6335651,803.8262234346059,187.3,26.494409333333333,49.354364877777776,20.8,1.9,8.619223855555555,11.646789766666659,18.950257111111114,19.0,9.8,2.4,0.28563352148949944,0.1655136080826647,104.2,14.0,2015.5
GRDC_6335660,1082.99475881886,231.0,29.833385399999997,59.406269910000006,26.6,2.7,9.688521760000002,12.928417734999996,19.301267997999997,23.7,12.1,3.0,0.2763861591824144,0.16498503755847518,134.3,14.7,2015.5
GRDC_6335665,878.87744185965,201.7,26.134706555555553,51.14537776666666,22.3,1.1,8.627364466666668,11.570749377777775,18.088019293333325,20.6,10.6,2.6,0.28596404457748753,0.1623726474735559,126.3,14.5,2015.5
GRDC_6335670,0.0,0.0,,,0.0,0.0,,,,0.0,0.0,0.0,,,0.0,0.0,2015.5
GRDC_6335671,1070.5729942234161,234.0,29.1530393,76.16096908,33.4,2.9,9.626678915000003,13.193846849999996,19.888724059999998,23.8,12.2,2.8,0.29960192591150814,0.18361846187587044,94.8,9.5,2015.5
GRDC_6335675,887.02490956941,197.6,26.614941699999996,55.346034540000005,19.2,1.4,9.530209013000002,12.208035397499994,17.655212594999988,20.3,10.5,2.6,0.27330629525792516,0.17725251551651103,130.7,19.1,2015.5
GRDC_6335676,976.8035916212881,220.5,28.2392932,57.80879887,21.9,2.1,8.972526042999998,12.057407209999997,18.969864232999992,22.5,11.6,2.9,0.2754372526464463,0.15617922613427698,144.8,18.6,2015.5
GRDC_6335677,900.65622342687,210.9,26.843116,55.090613366666666,20.0,1.8,8.719476567777779,12.066548699999997,18.82110364333333,21.6,11.1,2.7,0.27700918894984516,0.16312332404540741,117.1,14.8,2015.5
GRDC_6335680,875.0278921498,222.3,22.15968,51.87024895,23.6,0.7,8.394223569000001,10.750554454999996,15.320213189,22.7,11.6,2.8,0.29156689973450833,0.19115823589484277,105.9,14.8,2015.5
GRDC_6335681,919.5218791973999,231.7,23.6715344,53.5731709,23.3,1.2,7.939438555000001,10.840758389999996,16.6494835485,23.7,12.2,3.0,0.28467993102973066,0.16691313104252464,133.6,16.0,2015.5
GRDC_6335690,977.5087144781191,208.8,25.8541636,56.66645525,25.6,1.4,9.72905601,12.769339114999998,18.048428097,21.4,10.9,2.7,0.28469882936786794,0.18717543081401394,119.4,17.1,2015.5
GRDC_6335695,989.09968638887,217.4,27.839024888888886,62.28429232222223,25.9,1.4,9.332212477777778,12.566298113888884,18.51556469444445,22.2,11.2,2.7,0.28587954609546135,0.17873865113199078,110.6,15.2,2015.5
GRDC_6335696,1123.3399190124599,256.4,29.567017599999996,65.50403566,35.6,2.1,8.769882696,11.717381834999994,18.426029898500012,26.1,13.2,3.0,0.30124040421279086,0.18248197172517225,108.9,13.8,2015.5
GRDC_6335697,0.0,0.0,,,0.0,0.0,,,,0.0,0.0,0.0,,,0.0,0.0,2015.5
GRDC_6335700,901.55107804898,214.7,24.353601222222224,51.06866597777778,20.2,1.3,8.158100413333333,11.26557127777777,17.905460896666664,21.8,11.1,2.7,0.29575537161069626,0.1688413896158873,113.3,12.5,2015.5
GRDC_6335710,1354.7358843182099,270.2,34.846344800000004,78.11517610000001,41.1,5.1,10.578838115,13.875004242499989,23.081040623999986,27.3,13.9,3.0,0.30320684933891184,0.1748163276609282,95.1,8.2,2015.5
GRDC_6335720,1234.185321921125,234.9,32.238904,74.40244845555556,34.7,4.9,11.2387487,14.539559069444433,22.445676351111096,23.8,12.1,2.7,0.2871250429828146,0.17857513605437286,93.1,11.0,2015.5
GRDC_6335725,1211.91333400249,229.6,32.50175755555555,76.88127685555556,32.4,4.6,11.277580627777779,15.43623994444444,22.837899161111103,23.3,11.8,2.7,0.28099323301051626,0.17627050490065863,98.4,12.3,2015.5
GRDC_6335730,1432.82992246943,277.1,33.3457614,72.33644240999999,45.1,4.9,11.12004147,14.616535254999999,23.227592934999993,28.3,14.5,3.2,0.2979761058551578,0.18263777813053075,88.2,9.0,2015.5
GRDC_6335735,1269.80298508442,254.3,34.298524099999995,75.99992508,38.4,4.3,10.35594891,14.255782494999997,21.870785559999984,26.1,13.4,3.0,0.28706399432541235,0.17320685578480438,111.0,13.5,2015.5
GRDC_6335800,789.2515338144,198.9,21.554039699999997,53.125403399999996,24.9,1.0,7.523167518999999,10.2552798975,16.432312450999994,20.4,10.4,2.6,0.2949547857335304,0.16561229311260478,129.9,18.0,2015.5
GRDC_6335810,347.5450950273,91.4,14.060188166666668,40.88160798,10.4,0.4,5.505431676666667,7.52083993083333,12.022956685333332,9.4,4.9,1.3,0.4592738028928889,0.3666823756917496,49.4,7.5,2015.5
GRDC_6335820,724.32734057538,184.7,23.304512666666668,48.33623798888888,24.5,0.7,7.533463891111115,10.177742930555551,16.33136420166667,18.8,9.6,2.4,0.305365572152038,0.17025609035080605,99.7,11.2,2015.5
GRDC_6335830,840.99035827911,213.3,24.4914695,47.93474331,20.8,1.2,7.525613685000001,9.795312639999995,16.45941490199999,21.8,11.2,2.7,0.28589967060149196,0.16173042661763862,152.0,16.6,2015.5
GRDC_6336050,953.6431708043199,218.1,20.565544,54.63905415000001,31.8,0.5,8.481856586000001,10.663943117499999,15.851451663000006,22.2,11.4,2.8,0.28793660650092384,0.18163407271040288,146.5,20.3,2015.5
GRDC_6336500,971.1153312937,222.2,21.2813725,55.64976597,28.7,0.7,8.415004436,10.889363974999998,15.786149248000005,22.9,11.7,2.9,0.29568082107991944,0.1852192250537706,142.4,17.7,2015.5
GRDC_6336510,799.6289338105,193.8,22.7150927,50.96539637,20.7,0.9,8.339018792000001,10.52840581499999,15.500591128999996,19.9,10.2,2.6,0.285473512262682,0.18145742485539995,138.2,16.0,2015.5
GRDC_6336800,987.08525400858,215.3,22.7853556,54.9337678,27.6,1.4,8.82771427,11.456180074999999,17.907639491,22.1,11.4,2.9,0.2884120911723628,0.18013296046752594,149.3,19.6,2015.5
GRDC_6336900,939.38954078056,216.4,21.8309376,56.23675352,25.5,0.9,8.433771321,10.758849609999999,16.024135631999997,22.1,11.3,2.8,0.28331706912165316,0.18315721097310017,148.2,18.4,2015.5
GRDC_6336910,935.58940224742,219.5,25.9013321,58.792470879999996,29.3,0.9,8.328215834000002,11.250043942499998,16.551208713,22.5,11.6,3.0,0.28009663628925363,0.16903354791276318,145.8,21.4,2015.5
GRDC_6336920,950.7453419752201,218.5,24.065931799999998,53.21955987,22.4,0.7,8.708614435000001,11.229255792499998,15.9472072855,22.4,11.4,2.9,0.2791503647132412,0.1800211434457369,146.8,14.5,2015.5
GRDC_6336930,1028.307162387767,226.2,25.652191699999996,61.49855966,29.5,1.9,9.3425095,12.089944954999996,18.981641832499992,23.0,11.7,3.0,0.2775188893590928,0.16587626328269195,139.1,17.0,2015.5
GRDC_6337050,800.0625433178,245.3,19.5090639,44.09835392,29.4,0.5,5.615468406000001,7.543387471499997,12.228853413000007,24.9,12.7,3.0,0.3376687317332934,0.19695622454557662,120.0,16.4,2015.5
GRDC_6337060,771.0762925511,210.2,20.79801453,45.94104223,22.6,0.9,6.655001539,8.305809595,13.247056534,21.4,10.9,2.8,0.32955407384084195,0.21483711356459484,118.6,14.8,2015.5
GRDC_6337100,812.28461561814,233.4,24.836888,49.97752696,28.8,0.8,6.1134674140000005,7.687825414999997,12.181578075500001,24.0,12.2,2.9,0.3331467108957363,0.20387814417335778,131.9,19.5,2015.5
GRDC_6337200,767.07554540361,223.3,21.0317725,46.33971623,29.7,0.8,5.862214207,7.536295274999998,11.580498082499997,22.8,11.6,2.9,0.33350242815130937,0.20482390032547496,142.0,18.7,2015.5
GRDC_6337250,756.1438993259801,215.8,21.6454752,46.62542797,26.3,1.0,5.951545160000001,7.922924263999997,14.524962998000001,22.1,11.4,2.9,0.3186892617586395,0.18206107280859785,149.5,20.5,2015.5
GRDC_6337300,503.2855596482,139.7,18.923394857142856,45.38235392857143,19.0,0.3,6.6307548757142865,8.870731871428566,14.166457725714283,14.4,7.3,1.8,0.32277297579947073,0.19162413595247968,78.7,11.7,2015.5
GRDC_6337310,707.02701887183,201.4,21.26267911111111,48.506098200000004,23.8,0.9,6.57142112888889,8.645724648333331,14.174549127777784,20.5,10.6,2.6,0.310084541606854,0.18128591585455167,114.4,12.1,2015.5
GRDC_6337320,526.9205777938,145.7,22.479788,48.58096281666667,19.6,0.4,6.770838238333334,9.370607917499997,14.82240125333333,14.8,7.6,1.8,0.3249201132647418,0.1796090745952866,66.7,9.4,2015.5
GRDC_6337330,653.036063914,180.6,24.754785571428574,58.40987462857142,19.5,0.7,6.6188667514285715,9.132459423571426,15.196865414285705,18.5,9.4,2.1,0.32934252675467596,0.1946455262215803,74.4,11.0,2015.5
GRDC_6337340,928.2282028371899,254.3,21.0934924,49.925621910000004,30.8,0.7,6.920448401000002,9.097630336999995,14.189436062499999,25.9,13.3,3.0,0.32397911606782437,0.19680586045431334,111.0,15.4,2015.5
GRDC_6337350,805.9314519915,234.3,20.171037277777778,53.10979366666666,29.3,0.8,6.437192841111112,8.670713833333332,13.536383217777777,23.8,12.1,2.6,0.33257584710112154,0.20587095549621326,81.5,12.0,2015.5
GRDC_6337400,836.26433703246,236.9,22.0652361,50.93348798,26.7,0.7,6.429050218,8.100619376499996,12.95952050199999,24.1,12.3,2.9,0.3215990088117022,0.20142328927855968,128.4,17.9,2015.5
GRDC_6337410,724.3974919498,179.3,24.55252175,53.636597525,16.6,1.0,7.4694230712500005,10.655919640624994,16.530412677500003,18.2,9.4,2.3,0.2964095488406824,0.17212347359254293,112.2,12.2,2015.5
GRDC_6337500,610.3608604464,163.0,22.878907571428574,49.35302275714286,17.4,1.0,6.949337068571429,9.208100928571428,15.174560384285725,16.7,8.6,2.1,0.3078128854810263,0.1842361426298132,92.0,13.1,2015.5
GRDC_6337501,750.3635233048001,217.9,21.0404483,47.23239609,26.9,0.7,5.841834198,7.509594215499999,13.712670064999987,22.2,11.3,2.7,0.32539617805250465,0.1813224545616657,146.7,18.5,2015.5
GRDC_6337502,705.7392748269,213.1,22.493663599999998,48.57629138,23.2,1.1,5.432794703000001,7.535448567499996,13.411604083499999,21.6,11.0,2.7,0.3265586988926101,0.1842037413412512,149.7,18.9,2015.5
GRDC_6337503,916.9488909170001,276.7,17.0846285,46.817039874,36.6,0.1,5.892404684000001,8.107989673499995,12.401702243000006,28.2,14.4,3.2,0.3490560540531137,0.21429092503612482,87.9,8.3,2015.5
GRDC_6337504,938.052163094,248.9,21.3765157,53.075610129999994,31.3,0.6,7.297158153000001,9.850028689999997,15.012383664000007,25.3,12.8,3.0,0.2988128779673845,0.19223749233999526,116.4,14.9,2015.5
GRDC_6337505,844.0400444615279,272.2,13.752462400000002,37.690364970000005,46.2,0.1,5.302022515000001,6.586924775499999,9.927040375999995,27.6,14.0,3.0,0.3883787767023893,0.2488726558865432,92.4,13.8,2015.5
GRDC_6337506,879.4727179305701,221.1,25.9099265,55.03690532,23.1,0.9,7.752383192000001,10.112612279999997,15.460439542,22.6,11.5,2.9,0.2903343457598207,0.17289673887937537,144.2,18.5,2015.5
GRDC_6337507,846.2004665757,241.7,22.5092524,49.2099956,29.2,0.5,6.286663046000001,8.213458348499994,12.532810851499999,24.5,12.5,2.9,0.3309653823683727,0.20018174536564773,122.9,19.3,2015.5
GRDC_6337508,830.9371387769,203.9,26.114952888888887,55.71608931111112,20.8,1.0,7.932439636666668,10.475677497222215,15.851005287777777,20.8,10.7,2.7,0.2901618155825697,0.17063253131052405,124.1,14.9,2015.5
GRDC_6337509,707.8942061125999,193.4,21.0810777,49.431649390000004,29.5,0.9,6.870840502000002,9.011177030999995,13.92557720249999,19.7,10.1,2.6,0.322898966597574,0.20324998213340315,102.9,13.0,2015.5
GRDC_6337510,778.06141066507,213.8,22.95925255,48.59239449,27.7,0.9,6.638692222,9.058468702999999,14.0429077,21.8,11.1,2.7,0.30882924752849994,0.19110899321177605,125.3,17.4,2015.5
GRDC_6337511,767.16758059538,216.8,23.798206722222222,53.950810511111115,22.1,0.6,6.671306875555556,8.800939019444444,13.051165756666661,22.3,11.5,2.7,0.3076551276682698,0.19774630110259256,111.2,13.8,2015.5
GRDC_6337512,779.4060984478,216.8,24.828538555555557,55.022198111111116,21.5,0.9,6.687703302222222,8.957464683333331,14.054298828888891,22.2,11.2,2.6,0.31299819344451874,0.18769960869539565,111.2,14.8,2015.5
GRDC_6337513,768.5395642431,216.3,24.339411333333334,54.73016393333333,23.5,0.6,6.655523211111112,8.737546081666665,13.165913166111116,22.2,11.3,2.7,0.30942520775756255,0.19462404665366018,111.7,12.6,2015.5
GRDC_6337514,832.3135781363501,239.6,23.86437475,51.69938725000001,26.2,1.0,6.354278377000001,8.089310788499997,12.724402271500006,24.3,12.4,3.0,0.3294314086000158,0.19596108698388573,125.7,18.1,2015.5
GRDC_6337515,805.24391908774,235.3,21.074049,46.83648883,30.5,0.6,6.041403691000001,7.5496035124999965,11.7787265935,24.0,12.3,3.0,0.33282417486028043,0.21292100719268098,129.3,17.9,2015.5
GRDC_6337516,751.27766788875,215.1,21.6954287,49.785878204,22.6,0.5,6.480243941,8.520664729999996,12.666269011999997,22.0,11.3,2.8,0.3311490360610877,0.20217943513087153,112.9,15.1,2015.5
GRDC_6337517,566.20378788421,163.7,17.8972112,44.01600981,23.2,0.4,5.947508125000001,7.570239578499999,11.1188510705,17.0,8.7,2.3,0.3409626350988208,0.22224685942967137,91.4,12.9,2015.5
GRDC_6337518,786.86661126071,227.0,20.3360469,48.45329805,30.9,0.7,6.032846573000001,7.629880989999997,11.86453212499997,23.1,11.9,2.9,0.3420153069679648,0.21375438584070267,124.1,18.7,2015.5
GRDC_6337519,834.3611009066881,235.0,22.412388099999998,51.35271786,26.6,0.6,6.353058742,8.244118167999996,13.441529716999991,24.0,12.2,2.9,0.32715479538966813,0.19764772180419382,130.3,17.4,2015.5
GRDC_6337520,971.6300922134,239.9,21.9570799,54.519507,35.6,1.0,8.220276312,10.421514509999998,15.906684486000012,24.4,12.4,2.9,0.3079486956654854,0.19498247790836445,100.7,15.7,2015.5
GRDC_6337521,990.330589780453,262.9,20.0238136,53.434746589999996,36.8,0.9,7.272457637,9.496260619999997,14.629129657999993,26.7,13.5,3.0,0.31919564119015353,0.20235131032966436,102.4,14.8,2015.5
GRDC_6337530,889.3090222786001,220.2,25.496631888888892,54.13626998888889,26.6,1.1,7.899801244444445,10.52905957777777,16.491742985555554,22.4,11.5,2.7,0.30411288924613883,0.18491219137457648,107.8,14.4,2015.5
GRDC_6337540,609.9683469155759,178.6,28.432,53.927698514285716,21.3,1.0,6.1968849128571435,8.451411043571424,14.82044671785716,18.2,9.4,2.1,0.330871985758216,0.17695251966921063,76.4,8.9,2015.5
GRDC_6337541,571.0120379887001,171.4,23.14691,49.65231474285714,19.4,0.6,5.970004967142857,8.03222280785714,13.427481463571386,17.5,8.9,2.1,0.32894672258994617,0.18484373286891811,83.6,8.3,2015.5
GRDC_6337542,800.2179507779999,242.2,21.2214822,45.17069882,24.1,0.8,5.7360913080000016,8.069748686999997,12.931886738499992,24.8,12.6,2.9,0.32563945432406205,0.18941558739349748,123.1,14.1,2015.5
GRDC_6337550,583.1206307406,156.2,22.713924,47.97956701428571,17.9,0.5,6.841690262857144,9.176904542857141,15.59982842142856,15.9,8.0,2.1,0.30384250859139206,0.16816822443344237,98.8,11.5,2015.5
GRDC_6337560,499.7617150974,156.6,23.713010142857144,49.98694208571429,17.8,0.6,5.082042281428572,7.5297051442857095,13.859194401428576,16.0,8.2,2.0,0.349833938259932,0.16505972084615905,98.4,11.8,2015.5
GRDC_6337570,913.35683757805,227.5,24.1832956,50.503925710000004,28.5,1.4,7.6390398510000015,9.806031369999996,16.307338011999992,23.3,12.0,2.9,0.2999434023237204,0.17525757861422664,137.8,17.2,2015.5
GRDC_6337580,615.5742534731,162.2,26.36906785714286,57.362535157142865,18.4,0.8,7.106021628571429,9.38452976928571,15.94306712571428,16.6,8.5,2.0,0.3075605221999833,0.1727821105838541,92.8,12.1,2015.5
GRDC_6337590,661.3802171723,180.8,27.298433,59.94832531428572,27.0,1.0,7.202015937142858,10.002565442857138,15.807223971428574,18.4,9.3,2.1,0.3041220576053863,0.18020809054062564,74.2,9.7,2015.5
GRDC_6337600,596.52019225068,146.2,26.157244357142854,53.37675074285715,11.9,0.8,7.618309140000002,10.151667028571426,15.699346358571429,14.9,7.5,1.8,0.2899627878315433,0.16871400663714511,108.8,13.9,2015.5
GRDC_6337601,565.6816899222,146.2,27.034087,53.128828399999996,15.1,0.7,7.030985902857144,9.483132646428569,14.906722219999994,14.8,7.6,1.9,0.29242967029674455,0.16910410062290313,108.8,14.7,2015.5
GRDC_6337610,777.9797267514999,215.1,21.533040222222226,50.97366411111111,26.2,0.8,6.612005893333334,9.121052552222219,14.755472932222224,22.1,11.4,2.6,0.31150953593700226,0.184217792374982,100.7,14.1,2015.5
GRDC_6338010,684.92469147917,182.0,25.647804125,53.755168375,24.8,0.9,6.753390631250001,9.727010712499997,15.130027595000001,18.6,9.6,2.3,0.30999849236704224,0.17186043461128228,103.4,14.7,2015.5
GRDC_6338100,675.5670509438,185.9,20.8339375,46.9773746625,19.5,0.6,6.5800698550000005,8.711550337499997,13.549458986250002,19.0,9.7,2.4,0.3256792219821587,0.2001792247748842,105.6,11.4,2015.5
GRDC_6338110,822.3143368881999,218.7,21.984589800000002,47.79487074,21.7,0.7,6.8196525060000015,8.776659129999997,14.142835323999998,22.2,11.4,3.0,0.3051098452580923,0.1847933280852064,146.6,19.1,2015.5
GRDC_6338120,564.8594536836,141.9,25.161996428571427,49.1433849,15.0,1.0,7.154984405714287,9.680463635714284,15.93876392071429,14.6,7.4,1.8,0.2956953337968624,0.16843631773553952,107.1,14.1,2015.5
GRDC_6338130,748.36374434955,190.0,21.821289166666666,47.07821706666667,18.9,0.6,7.16091386888889,9.345777249999996,14.38252803444444,19.4,9.9,2.5,0.30010766457264254,0.1815372087481978,138.0,16.4,2015.5
GRDC_6338140,675.4442755192,186.6,19.7763475625,46.636291175,19.5,0.5,6.664936096250001,8.650548406249996,13.685882556874995,19.1,9.7,2.4,0.31776373463002155,0.19351681903749457,104.9,11.4,2015.5
GRDC_6338150,804.28157917231,209.7,21.6067821,42.92818630000001,22.1,0.7,6.913623295000001,9.066210577999998,14.566706789999998,21.5,11.0,2.6,0.30242808170628,0.16998390991375115,155.6,22.7,2015.5
GRDC_6338160,611.0768165194,167.8,20.388351999999998,46.9940824125,18.1,0.6,6.761285186250001,8.95808474125,13.74401390624999,17.2,8.7,2.2,0.326188253442347,0.1998418416238809,90.3,9.5,2015.5
GRDC_6338161,674.54760612866,180.1,20.680045,48.0722315125,14.9,0.6,6.85282298375,9.225133031249996,14.398940888749998,18.4,9.4,2.4,0.30995884705828675,0.18374868263423702,111.5,11.9,2015.5
GRDC_6338162,601.9329400885,155.0,21.221182714285714,47.904685900000004,15.5,0.6,7.276962887142858,9.617069339285711,16.054309579999995,15.8,8.1,2.0,0.2961302066459906,0.17348078298489225,100.0,11.0,2015.5
GRDC_6338163,563.8810054435401,153.3,21.621114428571428,42.59666525714285,16.1,0.5,6.696115931428571,8.821763921428564,14.337419614285706,15.6,7.9,2.0,0.30790410218906816,0.1742572228622749,101.7,12.4,2015.5
GRDC_6338200,845.4006099832001,226.1,22.4265203,54.296626790000005,27.6,0.9,6.83336888,9.115704877499995,15.618159329999997,23.1,11.8,3.0,0.3074163979131247,0.1660533039420148,138.5,17.3,2015.5
GRDC_6338201,593.204788642877,154.3,23.76384157142857,54.46449531428571,20.2,0.8,7.244971622857144,10.074971321428565,15.832287043571428,15.7,8.0,2.0,0.2938114426448905,0.16674089856404664,100.7,14.2,2015.5
GRDC_6338210,833.9161862802999,210.6,24.0953234,51.18998938,21.6,1.1,7.2474478960000015,9.800967419999996,16.008643939499983,21.4,11.1,2.8,0.29545144140269997,0.16350268530783113,154.0,21.3,2015.5
GRDC_6338250,845.2089036988,220.9,23.3355192,53.23070907,24.2,1.0,6.918306767,9.234289992499999,15.399175953999992,22.5,11.6,2.9,0.3114136080997866,0.1729672848534086,143.7,17.4,2015.5
GRDC_6338260,483.0297886052,142.9,17.602828714285714,41.4039882,14.5,0.2,6.118999888571429,7.871332204999999,13.399670542571428,14.6,7.6,1.9,0.32584424776042226,0.19481021007934932,75.6,7.8,2015.5
GRDC_6340050,664.8009391782,208.6,18.14483075,39.515421217,17.5,0.7,5.4261958130000005,7.2744051945,12.754966575000006,21.3,10.9,2.7,0.3278886567928543,0.18640629038430837,156.7,17.6,2015.5
GRDC_6340070,720.5110173446,224.1,21.9109386,48.442411820000004,24.8,0.4,5.413911337,7.068109325499995,12.304869982499998,22.7,11.6,2.7,0.33795174481075957,0.19291145625806197,141.2,17.1,2015.5
GRDC_6340110,814.61024380297,312.0,13.14925206,31.466753599999997,49.2,0.1,4.384685776000001,5.585029440499997,8.4695545212,31.6,16.2,3.9,0.43014887962289167,0.2784982464195488,53.3,5.3,2015.5
GRDC_6340120,819.023976337549,260.9,18.805280349999997,44.188431550000004,31.9,0.5,5.4538497900000005,7.383279277999998,12.506396018999999,26.5,13.6,3.0,0.3549857676196622,0.20477228784655085,103.7,12.0,2015.5
GRDC_6340130,786.46782519637,264.7,19.9020714,43.54397028,33.1,0.5,5.1652029960000005,6.916773212499997,11.535731029399981,26.9,13.7,3.0,0.36352829352066046,0.2098779836496174,100.6,13.8,2015.5
GRDC_6340140,826.6588743894001,296.4,16.783311050000002,40.89892256,38.4,0.2,4.801568326000001,6.4975365809999985,10.8407775686,30.0,15.3,3.3,0.3865245658695751,0.22103294241157995,68.9,9.8,2015.5
GRDC_6340150,811.1565607712,305.7,14.730328600000002,34.66101638,39.7,0.1,4.541356982000002,5.722430308499998,8.918179518099997,31.1,15.9,3.7,0.41200443791776076,0.2568326163076761,59.6,6.6,2015.5
GRDC_6340160,829.10657476,305.5,15.86492155,38.074476100000005,44.4,0.2,4.650524440000001,6.043936680999999,10.056084795,31.0,15.8,3.6,0.4035279386272571,0.24695970769384465,59.8,8.2,2015.5
GRDC_6340170,804.70810689535,275.6,18.4367292,42.444881200000005,32.8,0.3,5.048587095,6.696274099,11.279134194399983,28.0,14.2,3.0,0.36797443885335246,0.2197246163959708,89.7,11.7,2015.5
GRDC_6340180,827.25578490881,299.2,16.5693844,40.23749378,41.9,0.2,4.7286198310000005,6.3944617435,10.61139491499999,30.3,15.5,3.5,0.38960768865310297,0.22839093194352275,66.1,8.6,2015.5
GRDC_6340190,825.45436892674,274.6,20.6274388,44.701850775000004,33.9,0.9,5.300811360000001,7.2331875939999986,12.299796475500004,27.9,14.2,3.0,0.36157757966947995,0.21183849585594894,90.7,11.2,2015.5
GRDC_6340200,689.6912458626,227.0,22.0517325,42.60085616,24.6,0.6,4.935007495000001,6.787535712999995,11.359537153499991,23.1,11.8,3.0,0.3546504569048365,0.1956277924540324,138.3,19.0,2015.5
GRDC_6340210,559.2493221062699,151.4,23.856174857142857,56.33106384285714,17.3,0.5,6.7130993014285725,8.63340504428571,12.405088027142849,15.4,7.9,2.0,0.302715886817231,0.19122262359168343,103.6,14.2,2015.5
GRDC_6340215,556.087694531585,146.4,23.14896357142857,46.15662087142857,14.5,0.4,6.8133840942857145,9.194613703571424,14.171035901428573,15.1,7.7,1.9,0.3013631000918626,0.17146313033631214,108.6,12.6,2015.5
GRDC_6340216,546.0840146569001,148.7,20.861518571428572,45.4528626,14.8,0.2,6.7416301585714296,8.927375849999999,13.518834344285713,15.2,7.8,2.1,0.3020440919750577,0.17595414520495645,106.3,12.3,2015.5
GRDC_6340218,766.6890740488,226.4,18.3308769,40.604761460000006,21.3,0.3,6.034771372,8.136818632999995,13.232307578000004,23.1,11.8,2.9,0.3151594722250495,0.17958181216855315,138.9,13.8,2015.5
GRDC_6340220,619.38249160178,229.2,19.6722312,38.479782785,22.0,0.4,3.8137404520000002,5.462064007499998,10.595713065999995,23.3,12.0,2.9,0.38885368483920263,0.20098393660892086,136.1,13.2,2015.5
GRDC_6340225,701.5650875195199,206.8,23.2354936,43.52014638,16.9,0.9,5.737330140000001,7.978384818499997,13.844302917000002,21.2,10.8,2.6,0.3173175307910627,0.16405058953636079,157.8,15.9,2015.5
GRDC_6340300,640.19107351285,211.7,17.08956045,38.90689024,23.5,0.4,5.082383906000001,6.769910504999996,11.160251373499998,21.5,10.9,2.7,0.34513970103098407,0.20266412603068668,121.8,17.6,2015.5
GRDC_6340301,713.0306779837949,226.9,16.4934181,40.23739295,25.6,0.4,5.301008149,7.048842818499996,11.675253789999996,23.2,11.8,2.9,0.33910421539968516,0.19231564857095235,138.4,18.2,2015.5
GRDC_6340302,860.5022140322601,256.5,19.2694111,45.52815773,31.6,0.6,5.914397651,7.529227610999998,13.006585744999999,26.2,13.4,3.1,0.34924630833770764,0.20495426483055973,108.1,14.5,2015.5
GRDC_6340303,888.1033789666401,258.4,22.9362484,47.464068530000006,28.7,1.4,6.541381878999999,8.626568419999996,15.036770503500009,26.2,13.3,3.0,0.3272090439435504,0.17887775782085036,106.9,12.6,2015.5
GRDC_6340310,767.4457571741,228.3,23.997732300000003,47.96758595,22.4,1.2,5.774634430000001,7.862769792999998,14.481784690500003,23.3,11.9,3.0,0.33262135030323176,0.17061544306190085,136.3,14.2,2015.5
GRDC_6340315,819.9595884701699,242.5,20.7858777,50.90875459,31.8,0.9,5.991774736000001,8.221598274999996,13.665862299000006,24.7,12.5,3.0,0.3194942240380123,0.1856399945052106,122.8,17.8,2015.5
GRDC_6340320,760.5504217435999,220.9,18.6202961,44.85429221,24.4,0.6,6.037865677000001,8.494202035499995,14.987278412000006,22.7,11.6,2.8,0.3111290374679624,0.16380743131810838,144.4,18.0,2015.5
GRDC_6340330,764.0962180776,221.8,21.959542199999998,44.7835121,22.5,1.0,6.075585187000001,8.539981607999994,15.2633517495,22.7,11.6,2.9,0.31399770993751314,0.16285069267327482,142.8,16.6,2015.5
GRDC_6340335,878.4102058135999,251.9,22.0006945,50.672856509999995,31.3,1.0,6.451534459000001,8.937788031999997,14.610880700000001,25.6,13.1,3.0,0.3153698058507253,0.18280989409881881,112.7,14.5,2015.5
GRDC_6340340,860.3177448384,242.6,24.554701,49.528615439999996,22.5,1.0,6.287638879000001,8.924448903499993,14.088725822499987,24.6,12.6,3.0,0.3303265473772322,0.18779347258162618,122.0,12.2,2015.5
GRDC_6340350,677.540624079,199.7,20.5228762,41.94414546,19.1,0.5,5.696349278000001,7.542716054999997,12.432840600500002,20.4,10.5,2.5,0.3142299359962485,0.1709158963342448,165.6,17.8,2015.5
GRDC_6340360,813.0410206166,230.4,23.3130582,47.650740889999994,23.1,0.9,6.14952101,8.139305629499995,14.624531207499995,23.4,12.0,3.0,0.3352786193952796,0.18403402237783856,134.2,15.4,2015.5
GRDC_6340365,761.8440055116,208.4,25.0463197,45.50062544,17.7,1.2,6.386323980000002,9.062942258499998,14.8143915035,21.1,10.7,2.6,0.3016790907366039,0.16477557006118612,156.9,16.9,2015.5
GRDC_6340366,821.4202401263101,229.2,22.56586655,48.9327325,20.8,0.7,6.590250055000001,9.186637491999992,14.671530222999996,23.4,12.0,2.9,0.31149830195159633,0.17073274618143303,135.4,13.9,2015.5
GRDC_6340400,736.1544358955,212.0,25.6291064,46.943715780000005,20.2,0.9,6.029918791,8.361375409999996,13.82673226,21.7,11.1,2.8,0.315895804466808,0.17290594236257922,152.6,18.3,2015.5
GRDC_6340410,774.49747190614,233.0,23.734248299999997,49.254270930000004,35.1,0.9,5.797932875000001,7.475913438499998,13.653356207499996,23.8,12.1,2.7,0.35235446798341385,0.19881065116029412,95.8,11.6,2015.5
GRDC_6340415,891.2258506968999,262.0,26.4234959,55.65405681,32.0,1.1,6.332770392000001,8.694372678499995,14.962411572000002,26.6,13.6,3.0,0.3292810612193151,0.18084296198780683,102.6,10.9,2015.5
GRDC_6340420,897.4076154897,239.9,31.6429058,57.295490459999996,22.4,2.0,6.998940877,9.443880380999996,17.440776366999984,24.5,12.4,3.0,0.3079032128231261,0.16459133445225807,125.4,12.4,2015.5
GRDC_6340430,938.47912901245,250.9,30.2632051,58.11680383,27.8,2.1,6.942463248000001,9.649497907499997,17.409959954999994,25.7,13.1,3.0,0.3147084532561877,0.1670488233246386,114.4,11.8,2015.5
GRDC_6340440,860.4242139865,227.9,30.990198599999996,55.01176378,22.3,1.9,6.826650976000001,9.729325364999996,17.47070951999999,23.4,12.0,2.9,0.30906743107590506,0.1571674974608056,137.4,16.4,2015.5
GRDC_6340500,0.0,0.0,,,0.0,0.0,,,,0.0,0.0,0.0,,,0.0,0.0,2015.5
GRDC_6340501,720.70897245591,249.4,17.0389401,38.833107129999995,31.6,0.5,4.603079527,5.907246956999999,10.57532275840001,25.2,13.0,3.0,0.381096853648831,0.21989728601380923,115.9,13.0,2015.5
GRDC_6340510,702.7454217675,235.8,17.68743915,40.56184293,26.8,0.5,4.688044503000001,6.4285195119999985,11.031564167499997,24.0,12.2,2.9,0.3786560209730373,0.21181433119929038,129.5,14.9,2015.5
GRDC_6340515,732.45818187537,234.3,22.321183100000002,46.90238594,29.6,0.9,5.047666894000001,6.978548994999999,13.092125136499982,24.0,12.2,3.0,0.3510183330193728,0.18399017607263107,131.0,15.9,2015.5
GRDC_6340600,919.7124241218,239.3,25.9466442,57.083024480000006,29.1,2.3,7.294769025000001,10.315951809999994,18.004677730999994,24.3,12.5,2.9,0.2993044158231083,0.16231682673031583,126.0,15.6,2015.5
GRDC_6340610,707.41090690756,270.9,17.0279472,33.15468767,27.2,0.3,3.9599273680000002,5.140011347999998,9.641235965899996,27.5,14.0,3.1,0.4184135887787514,0.2295560659020907,94.4,8.4,2015.5
GRDC_6340611,704.14557710441,233.2,17.137147149999997,41.4861822,24.7,0.3,4.8398852230000005,6.371115205499998,11.678226833199991,23.9,12.3,2.9,0.364932985714982,0.2091196231704132,132.1,16.0,2015.5
GRDC_6340612,658.47914373828,171.7,40.271752142857146,69.55601205714285,14.7,1.7,7.129764501428572,9.871445602857138,17.78571399714283,17.5,8.8,2.1,0.3072601038043022,0.16670143185767478,83.3,8.7,2015.5
GRDC_6340613,445.368648552,122.9,23.995074166666665,47.08115446666667,12.1,0.8,6.598193873333334,9.140765708333324,16.889940243333314,12.6,6.5,1.6,0.312359999360839,0.16349905211543742,66.7,7.2,2015.5
GRDC_6340620,960.3326584013,246.2,25.4284982,55.08366029,26.2,1.5,7.448110531000002,10.355851449999998,16.662830949,25.0,12.9,3.0,0.3052026316717204,0.17451169996891192,119.1,12.4,2015.5
GRDC_6340621,977.4007688293699,263.8,25.1617286,56.59536752,33.1,1.6,7.041475308000001,10.224030197499994,16.31952107,26.8,13.5,3.0,0.3004477274456094,0.18004840878181966,101.5,11.4,2015.5
GRDC_6340625,980.40539066523,241.4,27.150946599999997,58.68184094000001,24.2,2.3,7.562107461000001,10.804322089999992,18.263700056999998,24.7,12.6,3.0,0.3055570557914491,0.16984383112475493,123.9,14.1,2015.5
GRDC_6340627,1015.55032601727,265.4,26.900655999999998,57.623225319999996,36.5,1.9,7.293366087000001,10.650563289999996,17.025934882,27.1,13.7,3.0,0.3080780916084608,0.17741087404854478,99.9,13.3,2015.5
GRDC_6340628,184.8182776189,48.0,27.7360115,45.580154900000004,5.2,0.3,7.229402235000002,9.440549299999995,15.480015785000006,4.9,2.5,0.6,0.3095635353188467,0.1863479693997842,24.4,3.6,2015.5
GRDC_6340630,975.1567032590999,257.3,28.215668900000004,58.67448401,34.0,2.0,7.185452096000001,10.2262395625,16.767822579000004,26.2,13.2,3.0,0.3133544975164761,0.17666132444933116,108.0,11.6,2015.5
GRDC_6340631,0.0,0.0,,,0.0,0.0,,,,0.0,0.0,0.0,,,0.0,0.0,2015.5
GRDC_6340635,896.45470161832,261.1,25.1477406,50.78504918,34.5,1.7,6.3351082130000025,8.742446769999995,15.233814548499996,26.6,13.5,3.0,0.32654157683486745,0.1825064035200832,104.2,10.0,2015.5
GRDC_6340670,619.8998970985,189.6,22.45320307142857,46.81226622857143,24.4,0.5,5.904431610000001,8.228431533571426,13.908008997857152,19.4,9.9,2.1,0.34026290380517,0.19035734259273326,65.4,6.2,2015.5
GRDC_6340671,331.3310342837,103.5,16.036789,34.06586202,14.1,0.1,5.351190884000001,7.143567666999999,10.306054292400011,10.5,5.4,1.3,0.3708640070489635,0.26007304531829667,43.5,3.7,2015.5
GRDC_6340700,717.6671317393,207.8,26.2194595,47.82227047,21.2,1.1,5.745275816000001,8.303832216499998,14.213467317,21.2,10.9,2.8,0.322410543029391,0.16409971788647018,157.5,19.3,2015.5
GRDC_6340800,777.3303006696999,237.3,26.4545429,49.319490734,22.8,0.8,5.350260850000001,7.549652410499997,14.612511975099997,24.2,12.3,2.9,0.3541718799710396,0.17518256818278283,128.0,11.9,2015.5
GRDC_6340810,804.7791351492,232.6,27.4971972,54.19382975,21.2,1.5,5.915109973,8.456089259999995,15.996022333999994,23.7,12.2,3.0,0.3442331419822715,0.15967652440418467,132.7,16.6,2015.5
GRDC_6341300,0.0,0.0,,,0.0,0.0,,,,0.0,0.0,0.0,,,0.0,0.0,2015.5
GRDC_6341301,765.2744665832399,236.0,20.73007265,49.77714633,31.2,0.7,5.596122516000001,7.479515531499999,12.628195530000005,24.0,12.2,3.0,0.34353626686308025,0.20185095430099592,129.3,17.0,2015.5
GRDC_6341400,412.84134024174,139.8,14.222603228571428,34.532872242857145,23.3,0.2,4.792599722857142,5.8397183835714275,9.833073913142856,14.4,7.3,1.7,0.38339358636480597,0.24189042343343173,72.6,10.0,2015.5
GRDC_6341500,698.48310955558,234.9,17.59662214,40.06634855,27.3,0.6,4.769525936000001,6.484593613499999,10.598499379599998,23.9,12.2,2.9,0.36249622539113224,0.20434603719657218,130.4,15.8,2015.5
GRDC_6342050,995.63734851972,246.3,24.0871463,53.86094892,30.2,1.2,8.017273885,10.748268454999995,17.612949103,25.0,12.9,3.0,0.3027729610306544,0.1741260721605275,119.0,13.8,2015.5
GRDC_6342070,1081.887930422966,269.7,25.4421837,52.33483317,37.3,1.3,8.101907811,10.914445877499997,16.695322292000004,27.3,13.7,3.0,0.30580986853110814,0.18665592141959794,95.6,10.3,2015.5
GRDC_6342081,1005.7335505117483,236.0,27.958972999999997,59.769162210000005,24.2,2.1,8.790739297,11.640957794999997,19.140290526999994,24.0,12.2,3.0,0.2860826128369817,0.15928578105262337,129.3,12.2,2015.5
GRDC_6342100,1053.88439887188,242.8,30.4383889,66.66696745,21.3,2.8,8.756191040000001,11.382434164999996,20.37707477399999,24.9,12.7,3.0,0.2912050841228081,0.16333404172530058,122.5,12.6,2015.5
GRDC_6342105,1131.96929647772,250.5,31.678486399999997,69.77202600000001,24.6,4.1,9.301441155000001,12.624698147499995,21.218399607999995,25.4,13.0,3.0,0.2903473763135034,0.16027197628814463,114.8,12.9,2015.5
GRDC_6342110,892.8739522664271,203.0,31.332938125000002,64.05270895,19.0,2.9,9.3493788125,12.590977474999995,21.040443962500003,20.6,10.5,2.4,0.2844922514763215,0.16363023612413327,88.5,9.2,2015.5
GRDC_6342120,973.49669091,230.2,29.189063499999996,57.807403969999996,20.0,2.0,8.436868423000002,11.904239419999994,19.509808021999987,23.5,11.9,3.0,0.2814392858035694,0.15408146518036955,135.1,13.7,2015.5
GRDC_6342125,839.70524761092,189.6,30.350296375,63.30522743750001,18.8,2.2,8.89961022375,12.751053074999998,20.688581876249994,19.4,9.8,2.4,0.28086675290184093,0.15494366370842044,101.9,11.1,2015.5
GRDC_6342130,888.8726741244,239.9,18.9826381,44.836585740000004,24.3,0.4,7.007591469000002,9.155447509999995,13.407810738500007,24.7,12.7,3.0,0.3173411370820021,0.2044945319825752,125.4,14.3,2015.5
GRDC_6342200,1737.824972959165,286.8,36.90802233333333,93.99913748888889,59.9,10.9,13.58144958888889,18.138602622222216,27.62856937111111,29.0,14.8,3.6,0.30543441712564384,0.19510818467858423,41.2,6.2,2015.5
GRDC_6342201,1376.73763668712,256.4,33.86625133333334,79.3166997,36.5,6.4,12.113026155555556,16.108227327777776,24.200443694444427,26.1,13.2,2.7,0.2851354057681031,0.18128287936236287,71.6,7.3,2015.5
GRDC_6342210,1590.666287979,261.0,38.853340125,99.1049890125,59.1,10.0,13.1781088,18.13634828749999,27.6647260625,26.4,13.4,3.2,0.3123220052792347,0.20349893443827183,30.5,4.7,2015.5
GRDC_6342220,1214.0036496687,200.5,38.429398166666665,99.29695595,42.5,7.7,12.982890416666669,17.661992783333332,26.997816274999995,20.4,10.4,2.4,0.32912733884221984,0.21070681477587075,18.0,2.4,2015.5
GRDC_6342230,1355.33299782663,263.0,34.1980682,78.37931861,29.0,5.8,11.313930930000001,14.646770307499995,23.625195009000006,26.8,13.6,3.0,0.28665417853650615,0.16599610554267571,102.3,11.0,2015.5
GRDC_6342500,1068.57949129568,239.3,25.295858,66.71936334444445,22.5,1.7,9.41904703888889,11.901457908333331,18.36118487666669,24.4,12.6,2.7,0.3033132919149362,0.19098842388444146,88.7,7.9,2015.5
GRDC_6342501,1078.34621452099,235.1,26.60619011111111,65.58734146666667,21.4,2.0,9.704553166666667,12.543381194444441,18.588568273333333,23.9,12.2,2.7,0.29734458265042046,0.18937026461865936,92.9,7.5,2015.5
GRDC_6342502,1075.11330657341,254.2,26.5829589,55.55061005,29.0,1.5,8.427298484000001,11.277947127499994,17.018833659000023,25.8,13.1,3.0,0.307509741661713,0.18685461712680915,111.1,12.0,2015.5
GRDC_6342510,1389.19939292652,278.4,30.360950333333335,78.79800937777777,49.7,5.8,10.54764397777778,14.021132522222219,23.786605203333327,28.3,14.4,3.4,0.3187647586740419,0.18692296954687693,49.6,4.3,2015.5
GRDC_6342512,1636.5988711478199,300.1,31.385604444444443,76.1154402111111,56.4,5.6,11.106028166666668,14.528732161111106,22.806363477777786,30.4,15.4,3.6,0.35498971637680476,0.22161580237052,27.9,2.9,2015.5
GRDC_6342513,1503.0178295966,290.2,32.65953066666666,82.34295591111112,52.4,5.5,10.781339111111112,14.463428713888883,22.29712359666665,29.4,15.0,3.6,0.3329563426124961,0.211272863442731,37.8,4.1,2015.5
GRDC_6342520,849.1706547924999,234.7,24.262652,48.60010568,29.1,1.1,6.292109974000001,8.755501426999995,15.274030542499991,23.9,12.3,3.0,0.3268692004238936,0.1858255667018748,129.9,14.3,2015.5
GRDC_6342521,752.833086733255,209.7,25.023679333333334,51.21968818888889,22.1,1.2,6.569441401111111,8.610809754999995,15.07253334666668,21.4,10.8,2.7,0.3196312831310641,0.1823692368196662,118.3,15.8,2015.5
GRDC_6342522,842.5361345630699,232.9,21.6389178,45.48272834,26.4,1.0,6.452006499000001,8.634941838999996,14.37568275899999,23.6,12.1,3.0,0.3254496153476798,0.1922347738656987,131.7,13.7,2015.5
GRDC_6342525,0.0,0.0,,,0.0,0.0,,,,0.0,0.0,0.0,,,0.0,0.0,2015.5
GRDC_6342530,1466.0928161328,249.8,32.60899355555556,86.72372972222223,56.4,8.0,12.860245033333335,16.650912877777778,24.434317226666675,25.4,12.9,3.2,0.32921297224218304,0.23198833521084644,40.9,7.6,2015.5
GRDC_6342531,1450.9356655672,256.4,34.16462833333333,79.90349133333333,38.3,7.9,12.547190700000002,16.57264558333333,25.914667782222217,26.0,13.3,2.7,0.29596986444807505,0.1829210759224102,71.6,7.8,2015.5
GRDC_6342540,1428.3842868126499,255.9,35.988161444444444,85.44507445555556,41.4,8.5,11.991748611111113,16.989357955555548,26.96301552,26.0,13.3,2.9,0.2913147242964448,0.1787360891721273,60.8,7.1,2015.5
GRDC_6342570,1525.04356656168,286.8,39.070483888888894,99.73050036666667,59.2,8.8,11.110558577777779,16.168509461111107,27.008974090000013,29.1,14.8,3.6,0.3074853043377108,0.17869135479311332,41.2,4.7,2015.5
GRDC_6342600,1073.38930395805,254.8,23.8540433,57.07223788,22.2,1.4,8.132001741000002,10.615301697499996,16.527541432999996,26.0,13.2,3.0,0.31842260684189033,0.190107385681583,110.5,8.3,2015.5
GRDC_6342610,764.1399335065,205.6,26.43553633333333,51.65563544444444,22.5,1.2,7.1512693700000005,9.462835670555553,16.174694938888884,21.0,10.8,2.6,0.29989493435540815,0.1625527363875156,122.4,14.1,2015.5
GRDC_6342611,762.2691986960001,210.4,23.22497811111111,47.97013104444444,28.0,1.0,6.897064170000001,9.318375169444439,15.265932286111113,21.3,10.8,2.7,0.29380023415885487,0.1745406843747296,117.6,12.6,2015.5
GRDC_6342620,0.0,0.0,,,0.0,0.0,,,,0.0,0.0,0.0,,,0.0,0.0,2015.5
GRDC_6342625,1326.2501646348599,288.4,30.750693000000002,68.75531964000001,45.7,5.3,9.90500741,13.835225959999994,22.04693232200001,29.2,14.8,3.2,0.2932386798693433,0.17167751808881543,76.2,9.2,2015.5
GRDC_6342630,959.6652310784,258.5,27.342509,51.56770506,30.1,1.6,7.101404756000001,9.703349919999996,17.09280551900001,26.3,13.3,3.0,0.31322428029939847,0.17306074573385105,106.1,10.8,2015.5
GRDC_6342640,834.8527492339599,210.6,25.3102472,51.13817287,15.7,1.8,7.556089692000002,10.573338287499999,17.487562966999995,21.6,10.9,2.7,0.28755602172118694,0.15336475795758947,147.9,16.3,2015.5
GRDC_6342650,1152.6580160516,270.1,28.802718399999996,67.2477744,32.8,3.8,8.773969496000001,12.353934712499997,21.460212097999975,27.3,13.7,3.0,0.2939571301693208,0.16432692479401317,95.2,11.6,2015.5
GRDC_6342655,1059.75655292264,246.9,31.287702200000002,60.48885444,19.8,3.1,8.771208370000002,12.607859572499997,20.177679005999984,25.0,12.7,3.0,0.27693410899414095,0.1612880702661516,118.4,9.7,2015.5
GRDC_6342660,1038.6435604940002,260.6,28.8130695,61.0044352,35.0,2.2,7.823455207000002,11.051533494999996,18.773715161000005,26.5,13.4,3.0,0.30732456996727003,0.16820259364970452,104.7,12.6,2015.5
GRDC_6342670,961.4945972110902,215.1,29.412246555555555,61.61568301111111,19.3,2.8,9.315534866666667,12.455849136111107,19.99129083555556,21.9,11.1,2.7,0.2800607959200129,0.15966852935176273,112.9,12.3,2015.5
GRDC_6342675,880.13779658313,201.5,29.03278277777778,59.89659985555555,21.5,2.3,9.214970811111112,12.144799094444442,19.87529178666666,20.4,10.5,2.4,0.2778355250645996,0.16948886757098983,90.0,11.1,2015.5
GRDC_6342800,1001.57442479567,241.5,24.086052000000002,56.20716383,23.9,1.7,8.199001383,10.751597094499996,16.752691219399985,24.4,12.5,2.8,0.3090857476053096,0.19737442724255447,87.3,10.0,2015.5
GRDC_6342810,966.95427492876,233.1,21.776665740000002,49.53478055,31.0,1.4,7.958374877,10.230858412499996,16.116625465999995,23.7,12.1,2.8,0.34388623775378413,0.23899317192198014,93.9,11.0,2015.5
GRDC_6342820,1042.26068481,250.5,26.886400400000003,60.222209729999996,30.7,2.4,8.5196134,12.046993879999995,19.490276259000005,25.5,13.0,3.0,0.2854527035041461,0.1601386729610753,114.1,10.7,2015.5
GRDC_6342830,1189.784012322146,277.6,25.1651326,61.112091559999996,42.9,3.9,9.453156640000001,12.741188904999996,20.424790556999998,28.2,14.3,3.0,0.28868196451771805,0.16804208207367463,87.7,11.7,2015.5
GRDC_6342840,1292.90969424134,294.2,27.7771922,69.51666222,53.2,3.5,9.397618200000005,13.176592422499997,20.61106394399999,29.8,15.2,3.4,0.29918623393200877,0.18141881400747925,71.1,9.1,2015.5
GRDC_6342900,1232.93914280832,283.0,25.0212052,63.96529797000001,32.0,2.0,8.69364307,11.287872144999998,17.88291783899998,28.6,14.5,3.0,0.33017760980814864,0.2042055792791817,82.3,9.3,2015.5
GRDC_6342910,872.8793331404601,205.4,20.72277306666667,54.1363869,21.3,1.2,7.834696433333335,10.235422162222216,15.86582318355555,21.0,10.8,2.5,0.3299416825444903,0.22228537250128222,86.1,7.9,2015.5
GRDC_6342920,829.3029335409999,192.9,22.66782455,52.748209429999996,21.0,1.6,8.923381274,11.021008155499995,17.02752674700001,19.7,10.0,2.5,0.3297697518386803,0.22093228545239674,97.0,9.5,2015.5
GRDC_6342925,968.10327451312,206.1,29.680332333333336,73.59315851111111,26.7,4.1,9.20166767888889,12.890482163333328,20.938359647111113,21.1,10.8,2.5,0.31033507531296484,0.18783562780134022,48.9,4.5,2015.5
GRDC_6342926,1767.034016847386,312.9,34.95496,91.69317301,68.7,8.4,12.509844065000005,16.703787719999998,25.663962221000002,31.8,16.1,4.0,0.3086855374005707,0.19484693004784265,52.4,6.4,2015.5
GRDC_6342927,1764.48962782715,314.1,35.5179957,90.11863601,69.8,8.7,12.602560570000003,16.549995029999998,26.039571144000018,31.9,16.1,4.0,0.30424257926718595,0.19318021896262833,51.2,5.7,2015.5
GRDC_6342928,1326.0655848607,235.7,31.757832266666664,77.84939518888888,42.9,7.7,10.940651190000002,15.173143849999995,25.24956891600001,24.0,12.3,2.9,0.3393948871803047,0.20882359746824639,24.7,2.8,2015.5
GRDC_6342930,1775.9074725244002,338.3,32.3901355,80.64653636,67.9,7.1,10.985575855,14.573455499999998,23.21829642899999,34.4,17.4,4.0,0.34531145013699505,0.21442297929912152,27.0,3.1,2015.5
GRDC_6342931,1580.9687785738001,280.4,34.337426666666666,85.00944834444445,50.6,8.2,12.148209044444448,16.858527405555556,26.585053586666657,28.5,14.5,3.5,0.30534167774005383,0.18900099659598973,42.6,5.9,2015.5
GRDC_6342935,1836.1561173078703,324.3,36.8392694,92.09602423,69.1,11.7,12.578300860000002,17.206066939999992,27.14377409499999,32.8,16.7,4.0,0.30967073355350194,0.18898946094765814,41.0,4.6,2015.5
GRDC_6342940,1763.0051471663999,323.5,33.5146575,81.00383922,60.1,8.9,11.930140950000004,16.153838247499994,25.75368251499999,32.7,16.6,3.9,0.31327793867739623,0.19425990349467884,41.8,5.0,2015.5
GRDC_6342945,1666.8523157551801,289.3,39.1061167,91.09352317,49.0,11.4,12.586035120000004,17.930986909999994,28.481751703999997,29.4,14.9,3.3,0.29302221998911676,0.16904818070067942,76.0,9.0,2015.5
GRDC_6342947,1820.1386009438897,299.3,36.5506429,93.31409488,67.8,11.8,13.510017805000004,18.05846485,27.521189157999988,30.3,15.4,3.4,0.291924071313689,0.1942462318433092,66.0,10.1,2015.5
GRDC_6342950,0.0,0.0,,,0.0,0.0,,,,0.0,0.0,0.0,,,0.0,0.0,2015.5
GRDC_6342951,1852.009202214734,330.8,35.5107036,87.616394,59.3,9.4,12.048485540000003,16.393208274999996,26.294730326,33.6,17.0,4.0,0.31933090345843784,0.19888160264872262,34.5,4.0,2015.5
GRDC_6342960,1167.68784256904,273.3,26.6701908,60.94757013000001,40.8,3.0,9.074273925,12.922238374999996,20.256043753000007,27.7,14.0,3.0,0.2827125194453555,0.17411877475264453,92.0,11.3,2015.5
GRDC_6342970,1088.01257938952,250.6,26.2004497,55.42255853,28.4,1.9,8.766646571,11.766225754999997,17.906920303,25.5,12.8,3.0,0.29903562064001926,0.18569907482180278,114.7,12.3,2015.5
GRDC_6342980,1339.26582133277,263.0,32.1311781,66.52134903999999,35.9,3.6,10.920038140000003,14.038013379999992,20.484833398,26.7,13.7,3.0,0.2938055553491212,0.19312859935050197,102.3,9.9,2015.5
GRDC_6343100,1577.1308111279,329.3,32.3986704,70.2232522,62.9,6.3,9.946311505000002,13.838619554999998,23.31431069900001,33.1,16.7,4.0,0.3332779945555674,0.19444816443567628,35.3,3.1,2015.5
GRDC_6343110,1579.0528852408102,295.8,38.6488657,92.35263019,34.8,9.2,11.679533630000002,15.920066609999996,26.986079191999988,29.9,15.2,3.3,0.293105211076972,0.1689667592678027,68.8,6.8,2015.5
GRDC_6343111,1890.92525999346,321.7,40.246173999999996,98.01654699000001,56.5,11.8,12.852441045000003,17.339552044999998,28.8338931,32.6,16.6,4.0,0.316117772153819,0.18508339571997237,42.9,4.4,2015.5
GRDC_6343120,1751.53272685986,303.1,38.7545566,96.69068938000001,57.9,11.6,12.865351250000003,17.46575708999999,28.253022843999986,30.8,15.7,3.6,0.29672447730798834,0.17875139180204885,61.5,9.0,2015.5
GRDC_6343500,1787.8088022092002,324.7,36.195167000000005,82.35961606000001,64.7,8.7,12.465730200000001,16.695421445,25.791108123000008,32.9,16.7,4.0,0.30629971655662114,0.19605416891645758,39.9,4.0,2015.5
GRDC_6343510,1819.90984731227,310.8,43.0822519,104.26350777,65.9,11.0,12.772226055000006,16.784419694999997,29.50332280400002,31.6,16.1,4.0,0.3136027533923222,0.1784898215671868,53.8,6.1,2015.5
GRDC_6343520,1677.9552090176999,295.9,44.7206756,106.50454640000001,40.6,10.3,12.409787815000001,16.579193419999978,31.77728623799998,29.9,15.3,3.3,0.2991093419902006,0.15885454136908678,68.7,8.5,2015.5
GRDC_6343530,1643.41434161186,276.7,42.27456611111111,95.86646566666667,56.2,10.8,13.234397305555555,18.130636961111104,28.762870197777765,28.1,14.3,3.3,0.29764041843205147,0.18188873930851113,51.3,7.4,2015.5
GRDC_6343531,1768.36377351506,281.5,42.726187555555555,99.80118532222224,62.2,12.4,13.717201711111116,18.67557151666666,30.669804992222243,28.6,14.4,3.4,0.31114797814006223,0.18267729450528236,46.5,6.7,2015.5
GRDC_6343535,1826.3722278394002,288.3,43.37144266666667,99.32316673333334,55.5,12.6,13.844759900000003,18.449469744444443,29.402644307777784,29.4,15.1,3.6,0.3215040934025823,0.19475365250765267,39.7,5.4,2015.5
GRDC_6343537,1460.61840628028,236.6,37.250105999999995,84.74114618888889,38.0,10.8,12.649139111111117,17.758908812777772,26.278564714777755,23.8,12.1,2.7,0.306803573815282,0.19525014406775795,54.1,7.1,2015.5
GRDC_6343550,2115.251136116,326.9,40.2163353,93.01935078,67.0,14.0,14.239761220000002,18.719119164999995,28.849239108000024,33.2,16.9,4.0,0.32552328637804284,0.20834109826014907,37.7,5.1,2015.5
GRDC_6343555,2134.5362771974296,333.2,37.3043852,91.57895166,67.4,13.3,14.116534060000001,18.521279509999996,27.936414867000007,33.9,17.2,4.0,0.32937574906450123,0.21366279561967091,32.1,4.0,2015.5
GRDC_6343560,1937.342474266649,318.3,36.6480466,87.43626366,66.2,11.2,13.244595140000001,17.943278995,26.96800121799999,32.2,16.3,4.0,0.31355312863702167,0.2024976815008878,47.0,5.8,2015.5
GRDC_6343570,1618.2727207493,283.0,35.776508,82.63649006666667,63.6,8.5,12.283826450000001,17.244530083333327,26.875620643333356,28.7,14.6,3.5,0.30782453267515736,0.18930998495978205,45.0,6.8,2015.5
GRDC_6343900,924.1274844645999,189.6,28.2914080625,67.09483209999999,37.8,3.5,9.078598551250002,12.707490985,18.585437258250003,19.3,10.0,2.5,0.3454272265004844,0.2539324496572591,29.4,3.2,2015.5
GRDC_6357010,781.0220673207,317.0,15.7442747,32.69355491,65.7,0.3,3.9247085480000004,4.977377753499998,9.038775199999993,32.0,16.3,4.0,0.44809370733552417,0.25814706667671583,48.3,6.7,2015.5
GRDC_6357020,251.71870943102005,83.0,22.4270225,42.767920374999996,13.0,0.1,4.728184255,6.570462689999999,13.00266268,8.5,4.3,1.0,0.3489422930860034,0.18311420672201817,56.3,7.5,2015.5
GRDC_6357500,761.28213845777,269.8,19.549605800000002,42.8600735,34.1,0.6,4.598612465,6.182361877999999,10.8602923176,27.5,14.0,3.0,0.3859575590270913,0.21768228990233704,94.8,11.0,2015.5
GRDC_6357501,798.779536795,225.0,28.339755000000004,55.675542699999994,23.0,1.7,6.149150024000002,9.067935457999997,16.89607072399999,22.9,11.8,2.9,0.3273529020787384,0.1572072553961106,140.3,15.8,2015.5
GRDC_6357502,955.1660960075,250.6,33.8523333,68.02521607999999,22.1,3.0,7.0661580299999995,10.750229115999996,19.533253598000005,25.5,13.0,3.0,0.31070714165582963,0.1529973005505866,114.7,10.8,2015.5
GRDC_6357503,513.947293712,137.0,30.101825,60.510465966666665,20.2,1.1,7.02601019,9.48465511333333,17.917430853333332,14.0,7.2,1.6,0.32527909114653714,0.17648612773741548,45.8,5.1,2015.5
GRDC_6357505,523.1861558236,141.3,25.80092258333333,53.48562825,19.8,1.2,6.810853073333334,9.982937558333333,18.15941585833332,14.4,7.3,1.6,0.32444148569083125,0.17049210643067125,48.3,4.4,2015.5
GRDC_6357510,845.0507193889,232.3,32.9834902,57.801370039999995,18.9,2.2,6.384015203000001,9.346724211999994,17.089384238499996,23.6,12.0,3.0,0.3171658197146442,0.16012487500500241,133.0,13.9,2015.5
GRDC_6357520,455.9911298162,119.7,38.012686200000005,73.10923896,12.1,0.9,6.955286232000001,10.548092859999997,17.969966222,12.2,6.2,1.5,0.29993364216656493,0.16242590304286877,62.2,8.3,2015.5
GRDC_6357521,353.305506031,100.1,21.086471600000003,45.217219320000005,9.8,0.8,6.665487974000001,8.904292924999996,16.006132351999973,10.2,5.3,1.3,0.35250840753063667,0.21212515032457685,46.9,5.6,2015.5
